source_id,url,retrieval,query_theme,page_type,market_language_caveat,limitation,observed_on,rank,search_volume,google_serp_features
S1,https://www.restorank.co/en,opened first-party page,restaurant AI visibility / audit,commercial product + free audit,Global/EN; search location not controlled,API-based claim; no independent runtime verification,2026-09-17,NO_DATA,NO_DATA,NO_DATA
S2,https://zenith-hospitality.com/ai-search-visibility-bali-hotels/,opened first-party page,AI search visibility Bali hotels,owner checklist,Indonesia/Bali EN; search location not controlled,"article positioning, not measured demand",2026-09-17,NO_DATA,NO_DATA,NO_DATA
S3,https://uzneo.uz/services/seo,opened first-party page,SEO GEO AEO Tashkent,commercial service,Uzbekistan RU; search location not controlled,local provider offering; no volume evidence,2026-09-17,NO_DATA,NO_DATA,NO_DATA
S4,https://primo.agency/prodvizhenie-v-nejrosetyah/dlya-restoranov,search excerpt; open failed,продвижение ресторана в нейросетях,commercial service,Russia/RU hypothesis; search location not controlled,excerpt-only evidence,2026-09-17,NO_DATA,NO_DATA,NO_DATA
S5,https://undercover.co.id/industries/travel-hospitality/,search excerpt,GEO AI optimization hospitality Indonesia,commercial vertical service,Indonesia/ID; search location not controlled,excerpt-only; guarantees not adopted,2026-09-17,NO_DATA,NO_DATA,NO_DATA
S6,https://www.spateaminternational.com/ai-visibility,search excerpt,spa AI visibility audit,commercial audit,US/EN target hypothesis; search location not controlled,geographic service scope unverified,2026-09-17,NO_DATA,NO_DATA,NO_DATA
S7,https://pulsemarketing.uz/uz/audit,search excerpt,bepul SEO audit Toshkent,free SEO audit,Uzbekistan/UZ; search location not controlled,adjacent SEO intent; not exact AI-readiness demand,2026-09-17,NO_DATA,NO_DATA,NO_DATA
S8,https://geoscores.tech/,search excerpt; open 502,hospitality AI visibility audit,free audit product,Global/EN; search location not controlled,hospitality segments in excerpt; implementation unverified,2026-09-17,NO_DATA,NO_DATA,NO_DATA
S9,https://www.selenasystems.com/check,web-extracted public page,free readiness,free technical check,EN,not a verified current HTTP snapshot,2026-09-17,NO_DATA,NO_DATA,NO_DATA
